,precision,recall,f1-score,support
0.0,0.8708987161198288,0.8822254335260116,0.8765254845656856,1384.0
1.0,0.8634840871021775,0.8506600660066007,0.857024106400665,1212.0
accuracy,0.8674884437596302,0.8674884437596302,0.8674884437596302,0.8674884437596302
macro avg,0.8671914016110032,0.8664427497663061,0.8667747954831753,2596.0
weighted avg,0.8674370326185217,0.8674884437596302,0.867420834975545,2596.0
