Model,Accuracy
Random Forest,0.9283513097072419
Logistic Regression,0.8674884437596302
