,age,cholesterol,blood_pressure,heart_rate,exercise_hours,stress_level,blood_sugar,heart_disease
count,1000.0,1000.0,1000.0,1000.0,1000.0,1000.0,1000.0,1000.0
mean,52.293,249.939,135.281,79.204,4.529,5.646,134.941,0.392
std,15.727126040491108,57.914673342671875,26.38830008510176,11.48609221251137,2.9342407482632997,2.831024319693969,36.69962372261303,0.4884409632438445
min,25.0,150.0,90.0,60.0,0.0,1.0,70.0,0.0
25%,39.0,200.0,112.75,70.0,2.0,3.0,104.0,0.0
50%,52.0,248.0,136.0,79.0,4.5,6.0,135.0,0.0
75%,66.0,299.0,159.0,89.0,7.0,8.0,167.0,1.0
max,79.0,349.0,179.0,99.0,9.0,10.0,199.0,1.0
