,age,gender,heart_rate,systolic_blood_pressure,diastolic_blood_pressure,blood_sugar,ck_mb,troponin
count,1319.0,1319.0,1319.0,1319.0,1319.0,1319.0,1319.0,1319.0
mean,56.191811978771796,0.6595905989385898,78.3366186504928,127.17058377558757,72.26914329037149,146.63434420015165,15.27430553449583,0.3609423805913571
std,13.647315476078791,0.4740265793910887,51.630270006756184,26.12272045584133,14.033924163048692,74.92304465780165,46.32708334398736,1.1545676649221812
min,14.0,0.0,20.0,42.0,38.0,35.0,0.321,0.001
25%,47.0,0.0,64.0,110.0,62.0,98.0,1.6549999999999998,0.006
50%,58.0,1.0,74.0,124.0,72.0,116.0,2.85,0.014
75%,65.0,1.0,85.0,143.0,81.0,169.5,5.805,0.08549999999999999
max,103.0,1.0,1111.0,223.0,154.0,541.0,300.0,10.3
