,precision,recall,f1-score,support
0.0,1.0,0.865606936416185,0.9279628195197521,1384.0
1.0,0.8669527896995708,1.0,0.9287356321839081,1212.0
accuracy,0.9283513097072419,0.9283513097072419,0.9283513097072419,0.9283513097072419
macro avg,0.9334763948497854,0.9328034682080926,0.9283492258518301,2596.0
weighted avg,0.9378839680723728,0.9283513097072419,0.9283236241996277,2596.0
